id	date	home_team	home_team_score	visit_team	visit_team_score
400899380	2017-10-26	Boston Celtics	122	Brooklyn	117
400899422	2017-10-27	Chicago	105	Boston Celtics	99
400899477	2017-10-29	Charlotte	98	Boston Celtics	104
400899511	2017-11-02	Boston Celtics	107	Chicago	100
400899518	2017-11-03	Cleveland	128	Boston Celtics	122
400899541	2017-11-06	Boston Celtics	107	Denver	123
400899557	2017-11-09	Washington	118	Boston Celtics	93
400899575	2017-11-11	Boston Celtics	115	NY Knicks	87
400899580	2017-11-12	Indiana	99	Boston Celtics	105
400899598	2017-11-14	New Orleans	106	Boston Celtics	105
400899611	2017-11-16	Boston Celtics	90	Dallas	83
400899629	2017-11-18	Boston Celtics	88	Golden State	104
400899638	2017-11-19	Detroit	92	Boston Celtics	94
400899655	2017-11-21	Minnesota	93	Boston Celtics	99
400899667	2017-11-23	Brooklyn	92	Boston Celtics	111
400899675	2017-11-25	Boston Celtics	103	San Antonio	109
400899706	2017-11-28	Miami	104	Boston Celtics	112
400899717	2017-11-30	Boston Celtics	114	Detroit	121
400899447	2017-12-02	Boston Celtics	97	Sacramento	92
400899736	2017-12-03	Philadelphia	106	Boston Celtics	107
400899753	2017-12-05	Houston	107	Boston Celtics	106
400899764	2017-12-07	Orlando	87	Boston Celtics	117
400899781	2017-12-09	Boston Celtics	94	Toronto	101
400899799	2017-12-11	Oklahoma City	99	Boston Celtics	96
400899825	2017-12-14	San Antonio	108	Boston Celtics	101
400899833	2017-12-16	Boston Celtics	96	Charlotte	88
400899852	2017-12-18	Miami	95	Boston Celtics	105
400899866	2017-12-20	Memphis	109	Boston Celtics	112
400899882	2017-12-22	Indiana	102	Boston Celtics	109
400899887	2017-12-23	Boston Celtics	112	Oklahoma City	117
400899898	2017-12-25	NY Knicks	114	Boston Celtics	119
400899914	2017-12-27	Boston Celtics	113	Memphis	103
400899930	2017-12-29	Cleveland	124	Boston Celtics	118
400899936	2017-12-30	Boston Celtics	117	Miami	114
400899423	2017-01-03	Boston Celtics	115	Utah	104
400899967	2017-01-06	Boston Celtics	110	Philadelphia	106
400899974	2017-01-07	Boston Celtics	117	New Orleans	108
400899993	2017-01-10	Toronto	114	Boston Celtics	106
400900004	2017-01-11	Boston Celtics	117	Washington	108
400900018	2017-01-13	Atlanta	101	Boston Celtics	103
400900039	2017-01-16	Boston Celtics	108	Charlotte	98
400900051	2017-01-18	Boston Celtics	106	NY Knicks	117
400900071	2017-01-21	Boston Celtics	123	Portland	127
400900097	2017-01-24	Washington	123	Boston Celtics	108
400900102	2017-01-25	Boston Celtics	120	Houston	109
400900118	2017-01-27	Boston Celtics	128	Orlando	98
400900127	2017-01-28	Milwaukee	108	Boston Celtics	112
400900142	2017-01-30	Boston Celtics	113	Detroit	109
400899391	2017-02-01	Boston Celtics	109	Toronto	104
400900156	2017-02-03	Boston Celtics	113	Los Angeles	107
400900171	2017-02-05	Boston Celtics	107	LA	102
400900198	2017-02-08	Sacramento	108	Boston Celtics	92
400900203	2017-02-09	Portland	111	Boston Celtics	120
400900220	2017-02-11	Utah	104	Boston Celtics	112
400900231	2017-02-13	Dallas	98	Boston Celtics	111
400900242	2017-02-15	Boston Celtics	116	Philadelphia	108
400900255	2017-02-16	Chicago	104	Boston Celtics	103
400900264	2017-02-24	Toronto	107	Boston Celtics	97
400900285	2017-02-26	Detroit	98	Boston Celtics	104
400900291	2017-02-27	Boston Celtics	98	Atlanta	114
400899432	2017-03-01	Boston Celtics	103	Cleveland	99
400900313	2017-03-03	Los Angeles	95	Boston Celtics	115
400900324	2017-03-05	Phoenix	109	Boston Celtics	106
400900340	2017-03-06	LA	116	Boston Celtics	102
400900354	2017-03-08	Golden State	86	Boston Celtics	99
400900365	2017-03-10	Denver	119	Boston Celtics	99
400900380	2017-03-12	Boston Celtics	100	Chicago	80
400900401	2017-03-15	Boston Celtics	117	Minnesota	104
400900417	2017-03-17	Brooklyn	95	Boston Celtics	98
400900432	2017-03-19	Philadelphia	105	Boston Celtics	99
400900442	2017-03-20	Boston Celtics	110	Washington	102
400900455	2017-03-22	Boston Celtics	109	Indiana	100
400900471	2017-03-24	Boston Celtics	130	Phoenix	120
400900488	2017-03-26	Boston Celtics	112	Miami	108
400900508	2017-03-29	Boston Celtics	100	Milwaukee	103
400900524	2017-03-31	Boston Celtics	117	Orlando	116
400899438	2017-04-02	NY Knicks	94	Boston Celtics	110
400900547	2017-04-05	Boston Celtics	91	Cleveland	114
400900555	2017-04-06	Atlanta	123	Boston Celtics	116
400900567	2017-04-08	Charlotte	114	Boston Celtics	121
400900582	2017-04-10	Boston Celtics	114	Brooklyn	105
400900597	2017-04-12	Boston Celtics	112	Milwaukee	94
400899452	2017-10-28	Brooklyn Nets	103	Indiana	94
400899481	2017-10-29	Milwaukee	110	Brooklyn Nets	108
400899493	2017-10-31	Brooklyn Nets	88	Chicago	118
400899507	2017-11-02	Brooklyn Nets	109	Detroit	101
400899522	2017-11-04	Brooklyn Nets	95	Charlotte	99
400899551	2017-11-08	Brooklyn Nets	119	Minnesota	110
400899556	2017-11-09	NY Knicks	110	Brooklyn Nets	96
400899589	2017-11-12	Phoenix	104	Brooklyn Nets	122
400899602	2017-11-14	LA	127	Brooklyn Nets	95
400899607	2017-11-15	Los Angeles	125	Brooklyn Nets	118
400899628	2017-11-18	Oklahoma City	124	Brooklyn Nets	105
400899644	2017-11-20	Brooklyn Nets	109	Portland	129
400899684	2017-11-25	Indiana	118	Brooklyn Nets	97
400899697	2017-11-27	Brooklyn Nets	105	Sacramento	122
400899711	2017-11-29	Brooklyn Nets	127	LA	122
400899367	2017-12-01	Brooklyn Nets	93	Milwaukee	111
400899733	2017-12-03	Milwaukee	112	Brooklyn Nets	103
400899748	2017-12-05	Brooklyn Nets	113	Washington	118
400899765	2017-12-07	Brooklyn Nets	116	Denver	111
400899795	2017-12-10	San Antonio	130	Brooklyn Nets	101
400899806	2017-12-12	Houston	122	Brooklyn Nets	118
400899820	2017-12-14	Brooklyn Nets	107	Los Angeles	97
400899832	2017-12-16	Orlando	118	Brooklyn Nets	111
400899850	2017-12-18	Philadelphia	108	Brooklyn Nets	107
400899862	2017-12-20	Toronto	116	Brooklyn Nets	104
400899879	2017-12-22	Brooklyn Nets	101	Golden State	117
400899886	2017-12-23	Cleveland	119	Brooklyn Nets	99
400899905	2017-12-26	Brooklyn Nets	120	Charlotte	118
400899922	2017-12-28	Chicago	101	Brooklyn Nets	99
400899935	2017-12-30	Washington	118	Brooklyn Nets	95
400899413	2017-01-02	Brooklyn Nets	89	Utah	101
400899957	2017-01-05	Indiana	121	Brooklyn Nets	109
400899968	2017-01-06	Brooklyn Nets	108	Cleveland	116
400899981	2017-01-08	Brooklyn Nets	95	Philadelphia	105
400899994	2017-01-10	Brooklyn Nets	97	Atlanta	117
400900007	2017-01-12	Brooklyn Nets	95	New Orleans	104
400900013	2017-01-13	Toronto	132	Brooklyn Nets	113
400900030	2017-01-15	Brooklyn Nets	112	Houston	137
400900043	2017-01-17	Brooklyn Nets	109	Toronto	119
400900066	2017-01-20	New Orleans	114	Brooklyn Nets	143
400900073	2017-01-21	Charlotte	112	Brooklyn Nets	105
400900087	2017-01-23	Brooklyn Nets	86	San Antonio	112
400900103	2017-01-25	Brooklyn Nets	106	Miami	109
400900116	2017-01-27	Cleveland	124	Brooklyn Nets	116
400900131	2017-01-28	Minnesota	129	Brooklyn Nets	109
400900140	2017-01-30	Miami	104	Brooklyn Nets	96
400899394	2017-02-01	Brooklyn Nets	90	NY Knicks	95
400900152	2017-02-03	Brooklyn Nets	97	Indiana	106
400900170	2017-02-05	Brooklyn Nets	95	Toronto	103
400900184	2017-02-07	Charlotte	111	Brooklyn Nets	107
400900189	2017-02-08	Brooklyn Nets	110	Washington	114
400900204	2017-02-10	Brooklyn Nets	99	Miami	108
400900227	2017-02-13	Brooklyn Nets	103	Memphis	112
400900244	2017-02-15	Brooklyn Nets	125	Milwaukee	129
400900270	2017-02-24	Denver	129	Brooklyn Nets	109
400900279	2017-02-25	Golden State	112	Brooklyn Nets	95
400899448	2017-03-01	Sacramento	100	Brooklyn Nets	109
400900310	2017-03-03	Utah	112	Brooklyn Nets	97
400900321	2017-03-04	Portland	130	Brooklyn Nets	116
400900334	2017-03-06	Memphis	109	Brooklyn Nets	122
400900345	2017-03-08	Atlanta	110	Brooklyn Nets	105
400900366	2017-03-10	Dallas	105	Brooklyn Nets	96
400900381	2017-03-12	Brooklyn Nets	120	NY Knicks	112
400900395	2017-03-14	Brooklyn Nets	104	Oklahoma City	122
400900411	2017-03-16	NY Knicks	110	Brooklyn Nets	121
400900431	2017-03-19	Brooklyn Nets	104	Dallas	111
400900447	2017-03-21	Brooklyn Nets	98	Detroit	96
400900462	2017-03-23	Brooklyn Nets	126	Phoenix	98
400900467	2017-03-24	Washington	129	Brooklyn Nets	108
400900483	2017-03-26	Atlanta	92	Brooklyn Nets	107
400900500	2017-03-28	Brooklyn Nets	101	Philadelphia	106
400900516	2017-03-30	Detroit	90	Brooklyn Nets	89
400899396	2017-04-01	Brooklyn Nets	121	Orlando	111
400899441	2017-04-02	Brooklyn Nets	91	Atlanta	82
400900532	2017-04-04	Philadelphia	118	Brooklyn Nets	141
400900552	2017-04-06	Orlando	115	Brooklyn Nets	107
400900566	2017-04-08	Brooklyn Nets	107	Chicago	106
400900600	2017-04-12	Chicago	112	Brooklyn Nets	73
400899375	2017-10-25	Cleveland	117	New York Knicks	88
400899478	2017-10-29	New York Knicks	111	Memphis	104
400899500	2017-11-01	Detroit	102	New York Knicks	89
400899508	2017-11-02	New York Knicks	99	Houston	118
400899523	2017-11-04	Chicago	104	New York Knicks	117
400899537	2017-11-06	New York Knicks	109	Utah	114
400899581	2017-11-12	Toronto	118	New York Knicks	107
400899596	2017-11-14	New York Knicks	93	Dallas	77
400899612	2017-11-16	New York Knicks	105	Detroit	102
400899619	2017-11-17	Washington	119	New York Knicks	112
400899643	2017-11-20	New York Knicks	104	Atlanta	94
400899658	2017-11-22	New York Knicks	107	Portland	103
400899678	2017-11-25	New York Knicks	113	Charlotte	111
400899691	2017-11-26	Charlotte	107	New York Knicks	102
400899705	2017-11-28	New York Knicks	103	Oklahoma City	112
400899721	2017-11-30	Minnesota	104	New York Knicks	106
400899727	2017-12-02	New York Knicks	118	Minnesota	114
400899744	2017-12-04	New York Knicks	106	Sacramento	98
400899758	2017-12-06	Miami	103	New York Knicks	114
400899769	2017-12-07	New York Knicks	94	Cleveland	126
400899787	2017-12-09	Sacramento	100	New York Knicks	103
400899802	2017-12-11	Los Angeles	112	New York Knicks	118
400899814	2017-12-13	Phoenix	113	New York Knicks	111
400899830	2017-12-15	Golden State	103	New York Knicks	90
400899846	2017-12-17	Denver	127	New York Knicks	114
400899863	2017-12-20	New York Knicks	118	Indiana	111
400899880	2017-12-22	New York Knicks	106	Orlando	95
400899920	2017-12-28	Atlanta	102	New York Knicks	98
400899937	2017-12-30	New Orleans	104	New York Knicks	92
400899946	2017-12-31	Houston	129	New York Knicks	122
400899414	2017-01-02	New York Knicks	103	Orlando	115
400899952	2017-01-04	New York Knicks	104	Milwaukee	105
400899969	2017-01-06	Milwaukee	111	New York Knicks	116
400899973	2017-01-07	Indiana	123	New York Knicks	109
400899989	2017-01-09	New York Knicks	96	New Orleans	110
400900001	2017-01-11	Philadelphia	98	New York Knicks	97
400900008	2017-01-12	New York Knicks	104	Chicago	89
400900027	2017-01-15	Toronto	116	New York Knicks	101
400900034	2017-01-16	New York Knicks	107	Atlanta	108
400900059	2017-01-19	New York Knicks	110	Washington	113
400900075	2017-01-21	New York Knicks	105	Phoenix	107
400900093	2017-01-23	Indiana	103	New York Knicks	109
400900109	2017-01-25	Dallas	103	New York Knicks	95
400900120	2017-01-27	New York Knicks	110	Charlotte	107
400900132	2017-01-29	Atlanta	142	New York Knicks	139
400900145	2017-01-31	Washington	117	New York Knicks	101
400900164	2017-02-04	New York Knicks	104	Cleveland	111
400900173	2017-02-06	New York Knicks	107	Los Angeles	121
400900196	2017-02-08	New York Knicks	115	LA	119
400900205	2017-02-10	New York Knicks	123	Denver	131
400900222	2017-02-12	New York Knicks	94	San Antonio	90
400900251	2017-02-15	Oklahoma City	116	New York Knicks	105
400900259	2017-02-23	Cleveland	119	New York Knicks	104
400900274	2017-02-25	New York Knicks	110	Philadelphia	109
400900288	2017-02-27	New York Knicks	91	Toronto	92
400899364	2017-03-01	Orlando	90	New York Knicks	101
400900304	2017-03-03	Philadelphia	105	New York Knicks	102
400900323	2017-03-05	New York Knicks	105	Golden State	112
400900330	2017-03-06	Orlando	105	New York Knicks	113
400900347	2017-03-08	Milwaukee	104	New York Knicks	93
400900370	2017-03-11	Detroit	112	New York Knicks	92
400900396	2017-03-14	New York Knicks	87	Indiana	81
400900445	2017-03-20	LA	114	New York Knicks	105
400900461	2017-03-22	Utah	108	New York Knicks	101
400900466	2017-03-23	Portland	110	New York Knicks	95
400900480	2017-03-25	San Antonio	106	New York Knicks	98
400900493	2017-03-27	New York Knicks	109	Detroit	95
400900510	2017-03-29	New York Knicks	88	Miami	105
400900528	2017-03-31	Miami	94	New York Knicks	98
400900538	2017-04-04	New York Knicks	100	Chicago	91
400900554	2017-04-06	New York Knicks	103	Washington	106
400900559	2017-04-07	Memphis	101	New York Knicks	88
400900574	2017-04-09	New York Knicks	97	Toronto	110
400900598	2017-04-12	New York Knicks	114	Philadelphia	113
400899389	2017-10-26	Philadelphia 76ers	97	Oklahoma City	103
400899476	2017-10-29	Philadelphia 76ers	72	Atlanta	104
400899496	2017-11-01	Philadelphia 76ers	101	Orlando	103
400899506	2017-11-02	Charlotte	109	Philadelphia 76ers	93
400899530	2017-11-05	Philadelphia 76ers	101	Cleveland	102
400899543	2017-11-07	Philadelphia 76ers	84	Utah	109
400899560	2017-11-09	Indiana	122	Philadelphia 76ers	115
400899571	2017-11-11	Philadelphia 76ers	109	Indiana	105
400899582	2017-11-12	Atlanta	117	Philadelphia 76ers	96
400899599	2017-11-14	Houston	115	Philadelphia 76ers	88
400899608	2017-11-16	Philadelphia 76ers	109	Washington	102
400899622	2017-11-17	Minnesota	110	Philadelphia 76ers	86
400899639	2017-11-19	Philadelphia 76ers	120	Phoenix	105
400899649	2017-11-21	Philadelphia 76ers	101	Miami	94
400899662	2017-11-23	Philadelphia 76ers	99	Memphis	104
400899679	2017-11-25	Philadelphia 76ers	89	Chicago	105
400899695	2017-11-27	Philadelphia 76ers	108	Cleveland	112
400899704	2017-11-28	Toronto	122	Philadelphia 76ers	95
400899443	2017-12-02	Philadelphia 76ers	88	Orlando	105
400899746	2017-12-05	Philadelphia 76ers	98	Denver	106
400899760	2017-12-06	Memphis	96	Philadelphia 76ers	91
400899776	2017-12-08	New Orleans	88	Philadelphia 76ers	99
400899798	2017-12-11	Detroit	79	Philadelphia 76ers	97
400899816	2017-12-14	Philadelphia 76ers	114	Toronto	123
400899838	2017-12-16	Philadelphia 76ers	89	Los Angeles	100
400899860	2017-12-20	Philadelphia 76ers	93	New Orleans	108
400899895	2017-12-23	Phoenix	123	Philadelphia 76ers	116
400899913	2017-12-26	Sacramento	102	Philadelphia 76ers	100
400899931	2017-12-29	Utah	100	Philadelphia 76ers	83
400899942	2017-12-30	Denver	122	Philadelphia 76ers	124
400899421	2017-01-03	Philadelphia 76ers	93	Minnesota	91
400900014	2017-01-13	Philadelphia 76ers	102	Charlotte	93
400900024	2017-01-14	Washington	109	Philadelphia 76ers	93
400900036	2017-01-16	Milwaukee	104	Philadelphia 76ers	113
400900048	2017-01-18	Philadelphia 76ers	94	Toronto	89
400900062	2017-01-20	Philadelphia 76ers	93	Portland	92
400900074	2017-01-21	Atlanta	110	Philadelphia 76ers	93
400900096	2017-01-24	Philadelphia 76ers	121	LA	110
400900105	2017-01-25	Milwaukee	109	Philadelphia 76ers	114
400900115	2017-01-27	Philadelphia 76ers	118	Houston	123
400900137	2017-01-29	Chicago	121	Philadelphia 76ers	108
400928501	2017-01-30	Philadelphia 76ers	122	Sacramento	119
400899402	2017-02-01	Dallas	113	Philadelphia 76ers	95
400899470	2017-02-02	San Antonio	102	Philadelphia 76ers	86
400900163	2017-02-04	Miami	125	Philadelphia 76ers	102
400900178	2017-02-06	Detroit	113	Philadelphia 76ers	96
400900187	2017-02-08	Philadelphia 76ers	103	San Antonio	111
400900200	2017-02-09	Orlando	111	Philadelphia 76ers	112
400900215	2017-02-11	Philadelphia 76ers	117	Miami	109
400900226	2017-02-13	Charlotte	99	Philadelphia 76ers	105
400900262	2017-02-24	Philadelphia 76ers	120	Washington	112
400900289	2017-02-27	Philadelphia 76ers	108	Golden State	119
400899403	2017-03-01	Miami	125	Philadelphia 76ers	98
400900314	2017-03-04	Philadelphia 76ers	106	Detroit	136
400900329	2017-03-06	Philadelphia 76ers	98	Milwaukee	112
400900358	2017-03-09	Portland	114	Philadelphia 76ers	108
400900369	2017-03-11	LA	112	Philadelphia 76ers	100
400900385	2017-03-12	Los Angeles	116	Philadelphia 76ers	118
400900398	2017-03-14	Golden State	106	Philadelphia 76ers	104
400900415	2017-03-17	Philadelphia 76ers	116	Dallas	74
400900440	2017-03-20	Orlando	112	Philadelphia 76ers	109
400900457	2017-03-22	Oklahoma City	122	Philadelphia 76ers	97
400900472	2017-03-24	Chicago	107	Philadelphia 76ers	117
400900487	2017-03-26	Indiana	107	Philadelphia 76ers	94
400900506	2017-03-29	Philadelphia 76ers	92	Atlanta	99
400900523	2017-03-31	Cleveland	122	Philadelphia 76ers	105
400899440	2017-04-02	Toronto	113	Philadelphia 76ers	105
400900551	2017-04-06	Philadelphia 76ers	90	Chicago	102
400900569	2017-04-08	Philadelphia 76ers	82	Milwaukee	90
400900581	2017-04-10	Philadelphia 76ers	111	Indiana	120
400899382	2017-10-26	Toronto Raptors	109	Detroit	91
400899429	2017-10-28	Toronto Raptors	91	Cleveland	94
400899492	2017-10-31	Toronto Raptors	105	Denver	102
400899505	2017-11-02	Washington	103	Toronto Raptors	113
400899521	2017-11-04	Toronto Raptors	96	Miami	87
400899539	2017-11-06	Toronto Raptors	91	Sacramento	96
400899562	2017-11-09	Oklahoma City	102	Toronto Raptors	112
400899573	2017-11-11	Charlotte	111	Toronto Raptors	113
400899603	2017-11-15	Cleveland	121	Toronto Raptors	117
400899615	2017-11-16	Toronto Raptors	121	Golden State	127
400899631	2017-11-18	Denver	111	Toronto Raptors	113
400899646	2017-11-20	Sacramento	102	Toronto Raptors	99
400899657	2017-11-21	LA	123	Toronto Raptors	115
400899669	2017-11-23	Houston	102	Toronto Raptors	115
400899682	2017-11-25	Milwaukee	99	Toronto Raptors	105
400899718	2017-11-30	Toronto Raptors	120	Memphis	105
400899726	2017-12-02	Toronto Raptors	113	Los Angeles	80
400899735	2017-12-03	Toronto Raptors	128	Atlanta	84
400899747	2017-12-05	Toronto Raptors	112	Cleveland	116
400899773	2017-12-08	Toronto Raptors	124	Minnesota	110
400899804	2017-12-12	Toronto Raptors	122	Milwaukee	100
400899834	2017-12-16	Toronto Raptors	121	Atlanta	125
400899851	2017-12-18	Orlando	79	Toronto Raptors	109
400899894	2017-12-23	Utah	98	Toronto Raptors	104
400899911	2017-12-26	Portland	91	Toronto Raptors	95
400899927	2017-12-28	Golden State	121	Toronto Raptors	111
400899932	2017-12-29	Phoenix	99	Toronto Raptors	91
400899387	2017-01-01	Los Angeles	114	Toronto Raptors	123
400899428	2017-01-03	San Antonio	110	Toronto Raptors	82
400899958	2017-01-05	Toronto Raptors	101	Utah	93
400899975	2017-01-07	Chicago	123	Toronto Raptors	118
400899984	2017-01-08	Toronto Raptors	122	Houston	129
400900063	2017-01-20	Charlotte	113	Toronto Raptors	78
400900084	2017-01-22	Toronto Raptors	103	Phoenix	115
400900095	2017-01-24	Toronto Raptors	106	San Antonio	108
400900106	2017-01-25	Memphis	101	Toronto Raptors	99
400900119	2017-01-27	Toronto Raptors	102	Milwaukee	86
400900136	2017-01-29	Toronto Raptors	113	Orlando	114
400900146	2017-01-31	Toronto Raptors	108	New Orleans	106
400900151	2017-02-03	Orlando	102	Toronto Raptors	94
400900176	2017-02-06	Toronto Raptors	118	LA	109
400900195	2017-02-08	Minnesota	112	Toronto Raptors	109
400900223	2017-02-12	Toronto Raptors	101	Detroit	102
400900236	2017-02-14	Chicago	105	Toronto Raptors	94
400900243	2017-02-15	Toronto Raptors	90	Charlotte	85
400900284	2017-02-26	Toronto Raptors	112	Portland	106
400899393	2017-03-01	Toronto Raptors	96	Washington	105
400900305	2017-03-03	Washington	106	Toronto Raptors	114
400900315	2017-03-04	Milwaukee	101	Toronto Raptors	94
400900348	2017-03-08	New Orleans	87	Toronto Raptors	94
400900364	2017-03-10	Atlanta	105	Toronto Raptors	99
400900374	2017-03-11	Miami	104	Toronto Raptors	89
400900387	2017-03-13	Toronto Raptors	100	Dallas	78
400900410	2017-03-16	Toronto Raptors	102	Oklahoma City	123
400900418	2017-03-17	Detroit	75	Toronto Raptors	87
400900435	2017-03-19	Toronto Raptors	116	Indiana	91
400900446	2017-03-21	Toronto Raptors	122	Chicago	120
400900463	2017-03-23	Miami	84	Toronto Raptors	101
400900479	2017-03-25	Dallas	86	Toronto Raptors	94
400900492	2017-03-27	Toronto Raptors	131	Orlando	112
400900509	2017-03-29	Toronto Raptors	106	Charlotte	110
400900521	2017-03-31	Toronto Raptors	111	Indiana	100
400900535	2017-04-04	Indiana	108	Toronto Raptors	90
400900544	2017-04-05	Detroit	102	Toronto Raptors	105
400900558	2017-04-07	Toronto Raptors	96	Miami	94
400900596	2017-04-12	Cleveland	83	Toronto Raptors	98
400899377	2017-10-25	Golden State Warriors	100	San Antonio	129
400899459	2017-10-28	New Orleans	114	Golden State Warriors	122
400899486	2017-10-30	Phoenix	100	Golden State Warriors	106
400899504	2017-11-01	Portland	104	Golden State Warriors	127
400899519	2017-11-03	Golden State Warriors	122	Oklahoma City	96
400899528	2017-11-04	Los Angeles	117	Golden State Warriors	97
400899549	2017-11-07	Golden State Warriors	116	New Orleans	106
400899566	2017-11-09	Golden State Warriors	116	Dallas	95
400899569	2017-11-10	Denver	101	Golden State Warriors	125
400899593	2017-11-13	Golden State Warriors	133	Phoenix	120
400899641	2017-11-19	Milwaukee	121	Golden State Warriors	124
400899652	2017-11-21	Indiana	83	Golden State Warriors	120
400899673	2017-11-23	Golden State Warriors	149	Los Angeles	106
400899688	2017-11-25	Los Angeles	85	Golden State Warriors	109
400899694	2017-11-26	Golden State Warriors	115	Minnesota	102
400899709	2017-11-28	Golden State Warriors	105	Atlanta	100
400899436	2017-12-01	Golden State Warriors	127	Houston	132
400899741	2017-12-03	Golden State Warriors	138	Phoenix	109
400899756	2017-12-05	Golden State Warriors	142	Indiana	106
400899772	2017-12-07	LA	98	Golden State Warriors	115
400899777	2017-12-08	Utah	99	Golden State Warriors	106
400899793	2017-12-10	Memphis	110	Golden State Warriors	89
400899800	2017-12-11	Minnesota	108	Golden State Warriors	116
400899813	2017-12-13	New Orleans	109	Golden State Warriors	113
400899847	2017-12-17	Golden State Warriors	135	Portland	90
400899869	2017-12-20	Golden State Warriors	104	Utah	74
400899888	2017-12-23	Detroit	113	Golden State Warriors	119
400899899	2017-12-25	Cleveland	109	Golden State Warriors	108
400899943	2017-12-30	Golden State Warriors	108	Dallas	99
400899419	2017-01-02	Golden State Warriors	127	Denver	119
400899955	2017-01-04	Golden State Warriors	125	Portland	117
400899971	2017-01-06	Golden State Warriors	119	Memphis	128
400899987	2017-01-08	Sacramento	106	Golden State Warriors	117
400899999	2017-01-10	Golden State Warriors	107	Miami	95
400900011	2017-01-12	Golden State Warriors	127	Detroit	107
400900040	2017-01-16	Golden State Warriors	126	Cleveland	91
400900055	2017-01-18	Golden State Warriors	121	Oklahoma City	100
400900067	2017-01-20	Houston	108	Golden State Warriors	125
400900082	2017-01-22	Orlando	98	Golden State Warriors	118
400900089	2017-01-23	Miami	105	Golden State Warriors	102
400900108	2017-01-25	Charlotte	103	Golden State Warriors	113
400900128	2017-01-28	Golden State Warriors	144	LA	98
400900139	2017-01-29	Portland	111	Golden State Warriors	113
400899435	2017-02-01	Golden State Warriors	126	Charlotte	111
400899472	2017-02-02	LA	120	Golden State Warriors	133
400900169	2017-02-04	Sacramento	109	Golden State Warriors	106
400900197	2017-02-08	Golden State Warriors	123	Chicago	92
400900208	2017-02-10	Memphis	107	Golden State Warriors	122
400900218	2017-02-11	Oklahoma City	114	Golden State Warriors	130
400900232	2017-02-13	Denver	132	Golden State Warriors	110
400900253	2017-02-15	Golden State Warriors	109	Sacramento	86
400900260	2017-02-23	Golden State Warriors	123	LA	113
400900295	2017-02-28	Washington	112	Golden State Warriors	108
400900301	2017-03-02	Chicago	94	Golden State Warriors	87
400900332	2017-03-06	Atlanta	111	Golden State Warriors	119
400900363	2017-03-10	Minnesota	103	Golden State Warriors	102
400900375	2017-03-11	San Antonio	107	Golden State Warriors	85
400900414	2017-03-16	Golden State Warriors	122	Orlando	92
400900430	2017-03-18	Golden State Warriors	117	Milwaukee	92
400900444	2017-03-20	Oklahoma City	95	Golden State Warriors	111
400900450	2017-03-21	Dallas	87	Golden State Warriors	112
400900476	2017-03-24	Golden State Warriors	114	Sacramento	100
400900489	2017-03-26	Golden State Warriors	106	Memphis	94
400900503	2017-03-28	Houston	106	Golden State Warriors	113
400900513	2017-03-29	San Antonio	98	Golden State Warriors	110
400900531	2017-03-31	Golden State Warriors	107	Houston	98
400899474	2017-04-02	Golden State Warriors	139	Washington	115
400900540	2017-04-04	Golden State Warriors	121	Minnesota	107
400900549	2017-04-05	Phoenix	111	Golden State Warriors	120
400900573	2017-04-08	Golden State Warriors	123	New Orleans	101
400900589	2017-04-10	Golden State Warriors	99	Utah	105
400900607	2017-04-12	Golden State Warriors	109	Los Angeles	94
400899426	2017-10-27	Portland	106	LA Clippers	114
400899485	2017-10-30	LA Clippers	88	Utah	75
400899495	2017-10-31	LA Clippers	116	Phoenix	98
400899514	2017-11-02	LA Clippers	83	Oklahoma City	85
400899524	2017-11-04	Memphis	88	LA Clippers	99
400899536	2017-11-05	San Antonio	92	LA Clippers	116
400899548	2017-11-07	LA Clippers	114	Detroit	82
400899565	2017-11-09	LA Clippers	111	Portland	80
400899576	2017-11-11	Oklahoma City	108	LA Clippers	110
400899585	2017-11-12	Minnesota	105	LA Clippers	119
400899617	2017-11-16	LA Clippers	107	Memphis	111
400899633	2017-11-18	Sacramento	115	LA Clippers	121
400899642	2017-11-19	LA Clippers	102	Chicago	95
400899670	2017-11-23	Dallas	104	LA Clippers	124
400899680	2017-11-25	Detroit	108	LA Clippers	97
400899699	2017-11-27	Indiana	91	LA Clippers	70
400899395	2017-12-01	Cleveland	94	LA Clippers	113
400899729	2017-12-02	New Orleans	96	LA Clippers	114
400899745	2017-12-04	LA Clippers	102	Indiana	111
400899797	2017-12-10	LA Clippers	133	New Orleans	105
400899808	2017-12-12	LA Clippers	121	Portland	120
400899818	2017-12-14	Orlando	108	LA Clippers	113
400899839	2017-12-16	Miami	98	LA Clippers	102
400899848	2017-12-18	Washington	117	LA Clippers	110
400899868	2017-12-20	LA Clippers	119	Denver	102
400899883	2017-12-22	LA Clippers	106	San Antonio	101
400899897	2017-12-23	LA Clippers	88	Dallas	90
400899902	2017-12-25	Los Angeles	111	LA Clippers	102
400899912	2017-12-26	LA Clippers	102	Denver	106
400899923	2017-12-28	New Orleans	102	LA Clippers	98
400899938	2017-12-30	Houston	140	LA Clippers	116
400899949	2017-12-31	Oklahoma City	114	LA Clippers	88
400899418	2017-01-02	LA Clippers	109	Phoenix	98
400899954	2017-01-04	LA Clippers	115	Memphis	106
400899972	2017-01-06	Sacramento	98	LA Clippers	106
400899982	2017-01-08	LA Clippers	98	Miami	86
400900005	2017-01-11	LA Clippers	105	Orlando	96
400900022	2017-01-14	LA Clippers	113	Los Angeles	97
400900042	2017-01-16	LA Clippers	120	Oklahoma City	98
400900061	2017-01-19	LA Clippers	101	Minnesota	104
400900079	2017-01-21	Denver	123	LA Clippers	98
400900088	2017-01-23	Atlanta	105	LA Clippers	115
400899430	2017-02-01	Phoenix	114	LA Clippers	124
400900213	2017-02-11	Charlotte	102	LA Clippers	107
400900233	2017-02-13	Utah	72	LA Clippers	88
400900252	2017-02-15	LA Clippers	99	Atlanta	84
400900271	2017-02-24	LA Clippers	97	San Antonio	105
400900287	2017-02-26	LA Clippers	124	Charlotte	121
400899445	2017-03-01	LA Clippers	103	Houston	122
400900307	2017-03-03	Milwaukee	112	LA Clippers	101
400900317	2017-03-04	Chicago	91	LA Clippers	101
400900350	2017-03-08	Minnesota	107	LA Clippers	91
400900356	2017-03-09	Memphis	98	LA Clippers	114
400900391	2017-03-13	Utah	114	LA Clippers	108
400900408	2017-03-15	LA Clippers	96	Milwaukee	97
400900413	2017-03-16	Denver	129	LA Clippers	114
400900426	2017-03-18	LA Clippers	108	Cleveland	78
400900453	2017-03-21	Los Angeles	109	LA Clippers	133
400900464	2017-03-23	Dallas	97	LA Clippers	95
400900477	2017-03-25	LA Clippers	108	Utah	95
400900484	2017-03-26	LA Clippers	97	Sacramento	98
400900514	2017-03-29	LA Clippers	133	Washington	124
400900519	2017-03-30	Phoenix	118	LA Clippers	124
400899368	2017-04-01	LA Clippers	115	Los Angeles	104
400900550	2017-04-05	LA Clippers	112	Dallas	101
400900571	2017-04-08	San Antonio	87	LA Clippers	98
400900588	2017-04-10	LA Clippers	125	Houston	96
400900606	2017-04-12	LA Clippers	115	Sacramento	95
400899415	2017-10-26	Los Angeles Lakers	120	Houston	114
400899458	2017-10-28	Utah	96	Los Angeles Lakers	89
400899490	2017-10-30	Oklahoma City	113	Los Angeles Lakers	96
400899498	2017-11-01	Indiana	115	Los Angeles Lakers	108
400899509	2017-11-02	Atlanta	116	Los Angeles Lakers	123
400899542	2017-11-06	Los Angeles Lakers	119	Phoenix	108
400899554	2017-11-08	Los Angeles Lakers	97	Dallas	109
400899570	2017-11-10	Sacramento	91	Los Angeles Lakers	101
400899579	2017-11-12	New Orleans	99	Los Angeles Lakers	126
400899592	2017-11-13	Minnesota	125	Los Angeles Lakers	99
400899632	2017-11-18	Los Angeles Lakers	107	San Antonio	116
400899648	2017-11-20	Los Angeles Lakers	110	Chicago	118
400899661	2017-11-22	Los Angeles Lakers	111	Oklahoma City	109
400899702	2017-11-27	Los Angeles Lakers	109	Atlanta	94
400899713	2017-11-29	New Orleans	105	Los Angeles Lakers	88
400899719	2017-11-30	Chicago	90	Los Angeles Lakers	96
400899737	2017-12-03	Memphis	103	Los Angeles Lakers	100
400899755	2017-12-05	Los Angeles Lakers	101	Utah	107
400899768	2017-12-07	Houston	134	Los Angeles Lakers	95
400899786	2017-12-09	Los Angeles Lakers	115	Phoenix	119
400899809	2017-12-12	Sacramento	116	Los Angeles Lakers	92
400899844	2017-12-17	Cleveland	119	Los Angeles Lakers	108
400899861	2017-12-20	Charlotte	117	Los Angeles Lakers	113
400899881	2017-12-22	Miami	115	Los Angeles Lakers	107
400899885	2017-12-23	Orlando	109	Los Angeles Lakers	90
400899917	2017-12-27	Los Angeles Lakers	100	Utah	102
400899933	2017-12-29	Los Angeles Lakers	89	Dallas	101
400899453	2017-01-03	Los Angeles Lakers	116	Memphis	102
400899963	2017-01-05	Portland	118	Los Angeles Lakers	109
400899970	2017-01-06	Los Angeles Lakers	127	Miami	100
400899988	2017-01-08	Los Angeles Lakers	111	Orlando	95
400899998	2017-01-10	Los Angeles Lakers	87	Portland	108
400900009	2017-01-12	San Antonio	134	Los Angeles Lakers	94
400900033	2017-01-15	Los Angeles Lakers	97	Detroit	102
400900047	2017-01-17	Los Angeles Lakers	121	Denver	127
400900070	2017-01-20	Los Angeles Lakers	108	Indiana	95
400900083	2017-01-22	Dallas	122	Los Angeles Lakers	73
400900110	2017-01-25	Portland	105	Los Angeles Lakers	98
400900114	2017-01-26	Utah	96	Los Angeles Lakers	88
400900150	2017-01-31	Los Angeles Lakers	120	Denver	116
400899446	2017-02-02	Washington	116	Los Angeles Lakers	108
400900191	2017-02-08	Detroit	121	Los Angeles Lakers	102
400900207	2017-02-10	Milwaukee	114	Los Angeles Lakers	122
400900239	2017-02-14	Los Angeles Lakers	96	Sacramento	97
400900250	2017-02-15	Phoenix	137	Los Angeles Lakers	101
400900267	2017-02-24	Oklahoma City	110	Los Angeles Lakers	93
400900280	2017-02-26	Los Angeles Lakers	98	San Antonio	119
400900300	2017-02-28	Los Angeles Lakers	104	Charlotte	109
400900328	2017-03-05	Los Angeles Lakers	97	New Orleans	105
400900342	2017-03-07	Dallas	122	Los Angeles Lakers	111
400900359	2017-03-09	Phoenix	110	Los Angeles Lakers	122
400900393	2017-03-13	Denver	129	Los Angeles Lakers	101
400900405	2017-03-15	Houston	139	Los Angeles Lakers	100
400900422	2017-03-17	Los Angeles Lakers	103	Milwaukee	107
400900438	2017-03-19	Los Angeles Lakers	120	Cleveland	125
400900475	2017-03-24	Los Angeles Lakers	130	Minnesota	119
400900491	2017-03-26	Los Angeles Lakers	81	Portland	97
400900505	2017-03-28	Los Angeles Lakers	108	Washington	119
400900518	2017-03-30	Minnesota	119	Los Angeles Lakers	104
400899408	2017-04-02	Los Angeles Lakers	108	Memphis	103
400900548	2017-04-05	San Antonio	95	Los Angeles Lakers	102
400900565	2017-04-07	Los Angeles Lakers	98	Sacramento	94
400900580	2017-04-09	Los Angeles Lakers	110	Minnesota	109
400900593	2017-04-11	Los Angeles Lakers	108	New Orleans	96
400899412	2017-10-26	Phoenix Suns	94	Sacramento	113
400899455	2017-10-28	Oklahoma City	113	Phoenix Suns	110
400899513	2017-11-02	Phoenix Suns	118	Portland	115
400899525	2017-11-04	New Orleans	111	Phoenix Suns	112
400899553	2017-11-08	Portland	124	Phoenix Suns	121
400899563	2017-11-09	Phoenix Suns	107	Detroit	100
400899616	2017-11-16	Denver	120	Phoenix Suns	104
400899626	2017-11-18	Indiana	96	Phoenix Suns	116
400899650	2017-11-21	Washington	106	Phoenix Suns	101
400899664	2017-11-23	Orlando	87	Phoenix Suns	92
400899686	2017-11-25	Phoenix Suns	85	Minnesota	98
400899696	2017-11-27	Phoenix Suns	114	Denver	120
400899724	2017-11-30	Phoenix Suns	109	Atlanta	107
400899762	2017-12-06	Utah	112	Phoenix Suns	105
400899771	2017-12-07	Phoenix Suns	94	Indiana	109
400899801	2017-12-11	Phoenix Suns	119	New Orleans	120
400899829	2017-12-15	Phoenix Suns	92	San Antonio	107
400899841	2017-12-17	Oklahoma City	114	Phoenix Suns	101
400899858	2017-12-19	Minnesota	115	Phoenix Suns	108
400899877	2017-12-21	Phoenix Suns	111	Houston	125
400899909	2017-12-26	Houston	131	Phoenix Suns	115
400899924	2017-12-28	San Antonio	119	Phoenix Suns	98
400899948	2017-12-31	Utah	91	Phoenix Suns	86
400899451	2017-01-03	Phoenix Suns	99	Miami	90
400899962	2017-01-05	Dallas	95	Phoenix Suns	102
400899986	2017-01-08	Phoenix Suns	116	Cleveland	120
400900012	2017-01-12	Phoenix Suns	108	Dallas	113
400900026	2017-01-14	Phoenix Suns	108	San Antonio	105
400900041	2017-01-16	Phoenix Suns	101	Utah	106
400900057	2017-01-19	Cleveland	118	Phoenix Suns	103
400900100	2017-01-24	Phoenix Suns	111	Minnesota	112
400900113	2017-01-26	Denver	127	Phoenix Suns	120
400900130	2017-01-28	Phoenix Suns	112	Denver	123
400900144	2017-01-30	Phoenix Suns	96	Memphis	115
400900158	2017-02-03	Sacramento	103	Phoenix Suns	105
400900166	2017-02-04	Phoenix Suns	112	Milwaukee	137
400900179	2017-02-06	New Orleans	111	Phoenix Suns	106
400900193	2017-02-08	Memphis	110	Phoenix Suns	91
400900212	2017-02-10	Phoenix Suns	115	Chicago	97
400900217	2017-02-11	Houston	133	Phoenix Suns	102
400900234	2017-02-13	Phoenix Suns	108	New Orleans	110
400900265	2017-02-24	Chicago	128	Phoenix Suns	121
400900281	2017-02-26	Milwaukee	100	Phoenix Suns	96
400900298	2017-02-28	Memphis	130	Phoenix Suns	112
400900302	2017-03-02	Phoenix Suns	120	Charlotte	103
400900311	2017-03-03	Phoenix Suns	118	Oklahoma City	111
400900343	2017-03-07	Phoenix Suns	127	Washington	131
400900377	2017-03-11	Dallas	98	Phoenix Suns	100
400900383	2017-03-12	Phoenix Suns	101	Portland	110
400900407	2017-03-15	Phoenix Suns	101	Sacramento	107
400900421	2017-03-17	Phoenix Suns	103	Orlando	109
400900433	2017-03-19	Detroit	112	Phoenix Suns	95
400900448	2017-03-21	Miami	112	Phoenix Suns	97
400900482	2017-03-26	Charlotte	120	Phoenix Suns	106
400900501	2017-03-28	Atlanta	95	Phoenix Suns	91
400899401	2017-04-01	Portland	130	Phoenix Suns	117
400899475	2017-04-02	Phoenix Suns	116	Houston	123
400900564	2017-04-07	Phoenix Suns	120	Oklahoma City	99
400900577	2017-04-09	Phoenix Suns	124	Dallas	111
400900594	2017-04-11	Sacramento	129	Phoenix Suns	104
400899424	2017-10-27	Sacramento Kings	94	San Antonio	102
400899484	2017-10-29	Sacramento Kings	106	Minnesota	103
400899494	2017-10-31	Atlanta	106	Sacramento Kings	95
400899499	2017-11-01	Miami	108	Sacramento Kings	96
400899515	2017-11-03	Orlando	102	Sacramento Kings	94
400899535	2017-11-05	Milwaukee	117	Sacramento Kings	91
400899555	2017-11-08	Sacramento Kings	102	New Orleans	94
400899578	2017-11-11	Portland	122	Sacramento Kings	120
400899618	2017-11-16	Sacramento Kings	105	San Antonio	110
400899674	2017-11-23	Sacramento Kings	116	Oklahoma City	101
400899689	2017-11-25	Sacramento Kings	104	Houston	117
400899703	2017-11-28	Washington	101	Sacramento Kings	95
400899770	2017-12-07	Dallas	89	Sacramento Kings	120
400899796	2017-12-10	Utah	104	Sacramento Kings	84
400899822	2017-12-14	Houston	132	Sacramento Kings	98
400899836	2017-12-16	Memphis	92	Sacramento Kings	96
400899853	2017-12-18	Dallas	99	Sacramento Kings	79
400899870	2017-12-20	Sacramento Kings	126	Portland	121
400899876	2017-12-21	Utah	93	Sacramento Kings	94
400899892	2017-12-23	Minnesota	105	Sacramento Kings	109
400899926	2017-12-28	Portland	102	Sacramento Kings	89
400899944	2017-12-31	Sacramento Kings	98	Memphis	112
400899450	2017-01-03	Denver	113	Sacramento Kings	120
400899956	2017-01-04	Sacramento Kings	102	Miami	107
400900000	2017-01-10	Sacramento Kings	100	Detroit	94
400900020	2017-01-13	Sacramento Kings	108	Cleveland	120
400900031	2017-01-15	Sacramento Kings	118	Oklahoma City	122
400900056	2017-01-18	Sacramento Kings	100	Indiana	106
400900065	2017-01-20	Memphis	107	Sacramento Kings	91
400900081	2017-01-21	Chicago	102	Sacramento Kings	99
400900090	2017-01-23	Detroit	104	Sacramento Kings	109
400900101	2017-01-25	Cleveland	112	Sacramento Kings	116
400900117	2017-01-27	Indiana	115	Sacramento Kings	111
400900125	2017-01-28	Charlotte	106	Sacramento Kings	109
400900147	2017-01-31	Houston	105	Sacramento Kings	83
400900183	2017-02-06	Sacramento Kings	107	Chicago	112
400900211	2017-02-10	Sacramento Kings	108	Atlanta	107
400900224	2017-02-12	Sacramento Kings	105	New Orleans	99
400900261	2017-02-23	Sacramento Kings	116	Denver	100
400900272	2017-02-25	Sacramento Kings	85	Charlotte	99
400900294	2017-02-27	Sacramento Kings	88	Minnesota	102
400900326	2017-03-05	Sacramento Kings	109	Utah	110
400900338	2017-03-06	Denver	108	Sacramento Kings	96
400900352	2017-03-08	San Antonio	114	Sacramento Kings	104
400900367	2017-03-10	Sacramento Kings	122	Washington	130
400900379	2017-03-11	Sacramento Kings	92	Denver	105
400900392	2017-03-13	Sacramento Kings	120	Orlando	115
400900423	2017-03-18	Oklahoma City	110	Sacramento Kings	94
400900437	2017-03-19	San Antonio	118	Sacramento Kings	102
400900460	2017-03-22	Sacramento Kings	98	Milwaukee	116
400900496	2017-03-27	Sacramento Kings	91	Memphis	90
400900515	2017-03-29	Sacramento Kings	82	Utah	112
400900527	2017-03-31	New Orleans	117	Sacramento Kings	89
400899399	2017-04-01	Minnesota	117	Sacramento Kings	123
400900541	2017-04-04	Sacramento Kings	98	Dallas	87
400900578	2017-04-09	Sacramento Kings	128	Houston	135
400899480	2017-10-29	Chicago Bulls	118	Indiana	101
400899533	2017-11-05	Indiana	111	Chicago Bulls	94
400899546	2017-11-07	Chicago Bulls	112	Orlando	80
400899561	2017-11-09	Atlanta	115	Chicago Bulls	107
400899568	2017-11-10	Miami	95	Chicago Bulls	98
400899583	2017-11-12	Chicago Bulls	106	Washington	95
400899606	2017-11-15	Portland	88	Chicago Bulls	113
400899623	2017-11-17	Utah	77	Chicago Bulls	85
400899660	2017-11-22	Denver	110	Chicago Bulls	107
400899728	2017-12-02	Chicago Bulls	111	Cleveland	105
400899738	2017-12-03	Dallas	107	Chicago Bulls	82
400899750	2017-12-05	Chicago Bulls	110	Portland	112
400899759	2017-12-06	Detroit	102	Chicago Bulls	91
400899778	2017-12-08	Chicago Bulls	95	San Antonio	91
400899792	2017-12-10	Chicago Bulls	105	Miami	100
400899812	2017-12-13	Chicago Bulls	94	Minnesota	99
400899826	2017-12-15	Milwaukee	108	Chicago Bulls	97
400899835	2017-12-16	Chicago Bulls	69	Milwaukee	95
400899856	2017-12-19	Chicago Bulls	113	Detroit	82
400899874	2017-12-21	Chicago Bulls	97	Washington	107
400899884	2017-12-23	Charlotte	103	Chicago Bulls	91
400899900	2017-12-25	San Antonio	119	Chicago Bulls	100
400899907	2017-12-26	Chicago Bulls	90	Indiana	85
400899934	2017-12-30	Indiana	111	Chicago Bulls	101
400899945	2017-12-31	Chicago Bulls	96	Milwaukee	116
400899416	2017-01-02	Chicago Bulls	118	Charlotte	111
400899953	2017-01-04	Cleveland	94	Chicago Bulls	106
400899990	2017-01-09	Chicago Bulls	94	Oklahoma City	109
400899992	2017-01-10	Washington	101	Chicago Bulls	99
400900023	2017-01-14	Chicago Bulls	107	New Orleans	99
400900032	2017-01-15	Memphis	104	Chicago Bulls	108
400900045	2017-01-17	Chicago Bulls	98	Dallas	99
400900068	2017-01-20	Atlanta	102	Chicago Bulls	93
400900098	2017-01-24	Orlando	92	Chicago Bulls	100
400900104	2017-01-25	Chicago Bulls	114	Atlanta	119
400900121	2017-01-27	Chicago Bulls	88	Miami	100
400899433	2017-02-01	Oklahoma City	100	Chicago Bulls	128
400900154	2017-02-03	Houston	121	Chicago Bulls	117
400900221	2017-02-12	Minnesota	117	Chicago Bulls	89
400900277	2017-02-25	Cleveland	99	Chicago Bulls	117
400900297	2017-02-28	Chicago Bulls	107	Denver	125
400900333	2017-03-06	Detroit	109	Chicago Bulls	95
400900344	2017-03-08	Orlando	98	Chicago Bulls	91
400900361	2017-03-10	Chicago Bulls	94	Houston	115
400900386	2017-03-13	Charlotte	109	Chicago Bulls	115
400900404	2017-03-15	Chicago Bulls	91	Memphis	98
400900416	2017-03-17	Washington	112	Chicago Bulls	107
400900427	2017-03-18	Chicago Bulls	95	Utah	86
400900456	2017-03-22	Chicago Bulls	117	Detroit	95
400900485	2017-03-26	Milwaukee	94	Chicago Bulls	109
400900517	2017-03-30	Chicago Bulls	99	Cleveland	93
400899390	2017-04-01	Chicago Bulls	106	Atlanta	104
400899439	2017-04-02	New Orleans	110	Chicago Bulls	117
400900584	2017-04-10	Chicago Bulls	122	Orlando	75
400899479	2017-10-29	Cleveland Cavaliers	105	Orlando	99
400899497	2017-11-01	Cleveland Cavaliers	128	Houston	120
400899550	2017-11-08	Cleveland Cavaliers	106	Atlanta	110
400899572	2017-11-11	Washington	94	Cleveland Cavaliers	105
400899590	2017-11-13	Cleveland Cavaliers	100	Charlotte	93
400899610	2017-11-16	Indiana	103	Cleveland Cavaliers	93
400899625	2017-11-18	Cleveland Cavaliers	104	Detroit	81
400899665	2017-11-23	Cleveland Cavaliers	137	Portland	125
400899677	2017-11-25	Cleveland Cavaliers	128	Dallas	90
400899712	2017-11-29	Milwaukee	118	Cleveland Cavaliers	101
400899780	2017-12-09	Cleveland Cavaliers	114	Miami	84
400899791	2017-12-10	Cleveland Cavaliers	116	Charlotte	105
400899810	2017-12-13	Cleveland Cavaliers	103	Memphis	86
400899821	2017-12-14	Memphis	93	Cleveland Cavaliers	85
400899865	2017-12-20	Milwaukee	108	Cleveland Cavaliers	114
400899871	2017-12-21	Cleveland Cavaliers	113	Milwaukee	102
400899906	2017-12-26	Detroit	106	Cleveland Cavaliers	90
400899947	2017-12-31	Charlotte	109	Cleveland Cavaliers	121
400899411	2017-01-02	Cleveland Cavaliers	90	New Orleans	82
400899997	2017-01-10	Utah	100	Cleveland Cavaliers	92
400900006	2017-01-11	Portland	102	Cleveland Cavaliers	86
400900078	2017-01-21	Cleveland Cavaliers	115	San Antonio	118
400900092	2017-01-23	New Orleans	124	Cleveland Cavaliers	122
400900133	2017-01-29	Cleveland Cavaliers	107	Oklahoma City	91
400900143	2017-01-30	Dallas	104	Cleveland Cavaliers	97
400899369	2017-02-01	Cleveland Cavaliers	125	Minnesota	97
400900174	2017-02-06	Washington	135	Cleveland Cavaliers	140
400900188	2017-02-08	Indiana	117	Cleveland Cavaliers	132
400900201	2017-02-09	Oklahoma City	118	Cleveland Cavaliers	109
400900216	2017-02-11	Cleveland Cavaliers	125	Denver	109
400900237	2017-02-14	Minnesota	108	Cleveland Cavaliers	116
400900241	2017-02-15	Cleveland Cavaliers	113	Indiana	104
400900290	2017-02-27	Cleveland Cavaliers	102	Milwaukee	95
400900308	2017-03-03	Atlanta	130	Cleveland Cavaliers	135
400900316	2017-03-04	Miami	120	Cleveland Cavaliers	92
400900331	2017-03-06	Cleveland Cavaliers	98	Miami	106
400900355	2017-03-09	Detroit	106	Cleveland Cavaliers	101
400900372	2017-03-11	Orlando	104	Cleveland Cavaliers	116
400900384	2017-03-12	Houston	117	Cleveland Cavaliers	112
400900394	2017-03-14	Cleveland Cavaliers	128	Detroit	96
400900409	2017-03-16	Cleveland Cavaliers	91	Utah	83
400900459	2017-03-22	Denver	126	Cleveland Cavaliers	113
400900468	2017-03-24	Charlotte	105	Cleveland Cavaliers	112
400900478	2017-03-25	Cleveland Cavaliers	115	Washington	127
400900494	2017-03-27	San Antonio	103	Cleveland Cavaliers	74
400899471	2017-04-02	Cleveland Cavaliers	135	Indiana	130
400900534	2017-04-04	Cleveland Cavaliers	122	Orlando	102
400900557	2017-04-07	Cleveland Cavaliers	100	Atlanta	114
400900575	2017-04-09	Atlanta	126	Cleveland Cavaliers	125
400900583	2017-04-10	Miami	124	Cleveland Cavaliers	121
400899454	2017-10-28	Detroit Pistons	108	Orlando	82
400899488	2017-10-30	Detroit Pistons	98	Milwaukee	83
400899532	2017-11-05	Detroit Pistons	103	Denver	86
400899577	2017-11-11	San Antonio	96	Detroit Pistons	86
400899588	2017-11-12	Denver	95	Detroit Pistons	106
400899597	2017-11-14	Detroit Pistons	104	Oklahoma City	88
400899653	2017-11-21	Detroit Pistons	96	Houston	99
400899668	2017-11-23	Detroit Pistons	107	Miami	84
400899692	2017-11-26	Oklahoma City	106	Detroit Pistons	88
400899710	2017-11-29	Charlotte	89	Detroit Pistons	112
400899730	2017-12-02	Atlanta	85	Detroit Pistons	121
400899742	2017-12-04	Detroit Pistons	92	Orlando	98
400899763	2017-12-07	Charlotte	87	Detroit Pistons	77
400899784	2017-12-09	Minnesota	90	Detroit Pistons	117
400899823	2017-12-14	Dallas	85	Detroit Pistons	95
400899831	2017-12-16	Washington	122	Detroit Pistons	108
400899842	2017-12-17	Detroit Pistons	90	Indiana	105
400899873	2017-12-21	Detroit Pistons	86	Memphis	98
400899921	2017-12-28	Detroit Pistons	94	Milwaukee	119
400899940	2017-12-30	Atlanta	105	Detroit Pistons	98
400899381	2017-01-01	Miami	98	Detroit Pistons	107
400899425	2017-01-03	Detroit Pistons	116	Indiana	121
400899959	2017-01-05	Detroit Pistons	115	Charlotte	114
400933467	2017-01-08	Portland	124	Detroit Pistons	125
400900021	2017-01-13	Utah	110	Detroit Pistons	77
400900054	2017-01-18	Detroit Pistons	118	Atlanta	95
400900072	2017-01-21	Detroit Pistons	113	Washington	112
400900126	2017-01-28	Miami	116	Detroit Pistons	103
400899400	2017-02-01	Detroit Pistons	118	New Orleans	98
400900153	2017-02-03	Detroit Pistons	116	Minnesota	108
400900162	2017-02-04	Indiana	105	Detroit Pistons	84
400900206	2017-02-10	Detroit Pistons	92	San Antonio	103
400900229	2017-02-13	Milwaukee	102	Detroit Pistons	89
400900245	2017-02-15	Detroit Pistons	98	Dallas	91
400900257	2017-02-23	Detroit Pistons	114	Charlotte	108
400900296	2017-02-28	Detroit Pistons	120	Portland	113
400899409	2017-03-01	New Orleans	109	Detroit Pistons	86
400900351	2017-03-08	Indiana	115	Detroit Pistons	98
400900403	2017-03-15	Detroit Pistons	83	Utah	97
400900469	2017-03-24	Orlando	115	Detroit Pistons	87
400900502	2017-03-28	Detroit Pistons	96	Miami	97
400900525	2017-03-31	Milwaukee	108	Detroit Pistons	105
400900560	2017-04-07	Houston	109	Detroit Pistons	114
400900579	2017-04-09	Memphis	90	Detroit Pistons	103
400900586	2017-04-10	Detroit Pistons	101	Washington	105
400900595	2017-04-12	Orlando	113	Detroit Pistons	109
400899379	2017-10-26	Indiana Pacers	130	Dallas	121
400899516	2017-11-03	Milwaukee	125	Indiana Pacers	107
400899545	2017-11-07	Charlotte	122	Indiana Pacers	100
400899595	2017-11-14	Indiana Pacers	88	Orlando	69
400899645	2017-11-20	Oklahoma City	111	Indiana Pacers	115
400899666	2017-11-23	Indiana Pacers	85	Atlanta	96
400899725	2017-11-30	Portland	131	Indiana Pacers	109
400899785	2017-12-09	Dallas	111	Indiana Pacers	103
400899790	2017-12-10	Indiana Pacers	118	Portland	111
400899803	2017-12-12	Indiana Pacers	110	Charlotte	94
400899819	2017-12-14	Miami	95	Indiana Pacers	89
400899827	2017-12-15	New Orleans	102	Indiana Pacers	95
400899855	2017-12-19	Indiana Pacers	107	Washington	105
400899918	2017-12-28	Washington	111	Indiana Pacers	105
400899383	2017-01-01	Indiana Pacers	117	Orlando	104
400900010	2017-01-12	Denver	140	Indiana Pacers	112
400900037	2017-01-16	Indiana Pacers	98	New Orleans	95
400900080	2017-01-21	Utah	109	Indiana Pacers	100
400900112	2017-01-26	Minnesota	103	Indiana Pacers	109
400900134	2017-01-29	Indiana Pacers	120	Houston	101
400899366	2017-02-01	Orlando	88	Indiana Pacers	98
400900175	2017-02-06	Indiana Pacers	93	Oklahoma City	90
400900210	2017-02-10	Washington	112	Indiana Pacers	107
400900214	2017-02-11	Indiana Pacers	100	Milwaukee	116
400900230	2017-02-13	Indiana Pacers	106	San Antonio	110
400900254	2017-02-16	Indiana Pacers	98	Washington	111
400900263	2017-02-24	Indiana Pacers	102	Memphis	92
400900275	2017-02-25	Miami	113	Indiana Pacers	95
400900292	2017-02-27	Houston	108	Indiana Pacers	117
400899437	2017-03-01	San Antonio	100	Indiana Pacers	99
400900322	2017-03-05	Atlanta	96	Indiana Pacers	97
400900336	2017-03-06	Charlotte	100	Indiana Pacers	88
400900362	2017-03-10	Milwaukee	99	Indiana Pacers	85
400900382	2017-03-12	Indiana Pacers	102	Miami	98
400900400	2017-03-15	Indiana Pacers	98	Charlotte	77
400900441	2017-03-20	Indiana Pacers	107	Utah	100
400900470	2017-03-24	Indiana Pacers	117	Denver	125
400900499	2017-03-28	Indiana Pacers	114	Minnesota	115
400900511	2017-03-29	Memphis	110	Indiana Pacers	97
400900553	2017-04-06	Indiana Pacers	104	Milwaukee	89
400900568	2017-04-08	Orlando	112	Indiana Pacers	127
400900604	2017-04-12	Indiana Pacers	104	Atlanta	86
400899384	2017-10-26	Milwaukee Bucks	96	Charlotte	107
400899501	2017-11-01	New Orleans	113	Milwaukee Bucks	117
400899540	2017-11-06	Dallas	86	Milwaukee Bucks	75
400899567	2017-11-10	Milwaukee Bucks	106	New Orleans	112
400899587	2017-11-12	Milwaukee Bucks	106	Memphis	96
400899613	2017-11-16	Atlanta	107	Milwaukee Bucks	100
400899620	2017-11-17	Miami	96	Milwaukee Bucks	73
400899654	2017-11-21	Milwaukee Bucks	93	Orlando	89
400899698	2017-11-27	Orlando	96	Milwaukee Bucks	104
400899751	2017-12-05	Milwaukee Bucks	96	San Antonio	97
400899767	2017-12-07	Milwaukee Bucks	115	Portland	107
400899782	2017-12-09	Milwaukee Bucks	110	Atlanta	114
400899788	2017-12-10	Washington	110	Milwaukee Bucks	105
400899889	2017-12-23	Milwaukee Bucks	123	Washington	96
400899903	2017-12-26	Washington	107	Milwaukee Bucks	102
400899939	2017-12-30	Minnesota	116	Milwaukee Bucks	99
400899410	2017-01-02	Milwaukee Bucks	98	Oklahoma City	94
400899983	2017-01-08	Milwaukee Bucks	101	Washington	107
400899996	2017-01-10	San Antonio	107	Milwaukee Bucks	109
400900015	2017-01-13	Milwaukee Bucks	116	Miami	108
400900028	2017-01-15	Atlanta	111	Milwaukee Bucks	98
400900053	2017-01-18	Houston	111	Milwaukee Bucks	92
400900064	2017-01-20	Orlando	112	Milwaukee Bucks	96
400900076	2017-01-21	Miami	109	Milwaukee Bucks	97
400900091	2017-01-23	Milwaukee Bucks	127	Houston	114
400899407	2017-02-01	Utah	104	Milwaukee Bucks	88
400900157	2017-02-03	Denver	121	Milwaukee Bucks	117
400900192	2017-02-08	Milwaukee Bucks	88	Miami	106
400900266	2017-02-24	Milwaukee Bucks	95	Utah	109
400899405	2017-03-01	Milwaukee Bucks	98	Denver	110
400900373	2017-03-11	Milwaukee Bucks	102	Minnesota	95
400900388	2017-03-13	Memphis	113	Milwaukee Bucks	93
400900452	2017-03-21	Portland	90	Milwaukee Bucks	93
400900473	2017-03-24	Milwaukee Bucks	100	Atlanta	97
400900498	2017-03-28	Charlotte	108	Milwaukee Bucks	118
400899431	2017-04-02	Milwaukee Bucks	105	Dallas	109
400900537	2017-04-04	Oklahoma City	110	Milwaukee Bucks	79
400900585	2017-04-10	Milwaukee Bucks	89	Charlotte	79
400899457	2017-10-28	Dallas Mavericks	98	Houston	106
400899491	2017-10-30	Houston	93	Dallas Mavericks	92
400899512	2017-11-02	Utah	97	Dallas Mavericks	81
400899526	2017-11-04	Dallas Mavericks	95	Portland	105
400899630	2017-11-18	Dallas Mavericks	64	Memphis	80
400899637	2017-11-19	Orlando	95	Dallas Mavericks	87
400899656	2017-11-21	San Antonio	96	Dallas Mavericks	91
400899700	2017-11-27	Dallas Mavericks	91	New Orleans	81
400899722	2017-11-30	Dallas Mavericks	87	San Antonio	94
400899365	2017-12-01	Charlotte	97	Dallas Mavericks	87
400899754	2017-12-05	Dallas Mavericks	101	Charlotte	109
400899794	2017-12-10	Houston	109	Dallas Mavericks	87
400899807	2017-12-12	Dallas Mavericks	112	Denver	92
400899840	2017-12-16	Utah	103	Dallas Mavericks	100
400899859	2017-12-19	Denver	117	Dallas Mavericks	107
400899878	2017-12-21	Portland	95	Dallas Mavericks	96
400899908	2017-12-26	New Orleans	111	Dallas Mavericks	104
400899916	2017-12-27	Dallas Mavericks	107	Houston	123
400899427	2017-01-03	Dallas Mavericks	113	Washington	105
400899978	2017-01-07	Dallas Mavericks	82	Atlanta	97
400899991	2017-01-09	Minnesota	101	Dallas Mavericks	92
400900029	2017-01-15	Dallas Mavericks	98	Minnesota	87
400900058	2017-01-19	Miami	99	Dallas Mavericks	95
400900069	2017-01-20	Dallas Mavericks	107	Utah	112
400900111	2017-01-26	Oklahoma City	109	Dallas Mavericks	98
400900138	2017-01-29	San Antonio	101	Dallas Mavericks	105
400900159	2017-02-03	Portland	104	Dallas Mavericks	108
400900181	2017-02-06	Denver	110	Dallas Mavericks	87
400900186	2017-02-07	Dallas Mavericks	113	Portland	114
400900202	2017-02-09	Dallas Mavericks	112	Utah	105
400900219	2017-02-11	Dallas Mavericks	112	Orlando	80
400900268	2017-02-24	Minnesota	97	Dallas Mavericks	84
400900276	2017-02-25	Dallas Mavericks	96	New Orleans	83
400900293	2017-02-27	Dallas Mavericks	96	Miami	89
400899398	2017-03-01	Atlanta	100	Dallas Mavericks	95
400900309	2017-03-03	Dallas Mavericks	104	Memphis	100
400900327	2017-03-05	Dallas Mavericks	104	Oklahoma City	89
400900399	2017-03-15	Washington	107	Dallas Mavericks	112
400900495	2017-03-27	Dallas Mavericks	91	Oklahoma City	92
400900512	2017-03-29	New Orleans	121	Dallas Mavericks	118
400900526	2017-03-31	Memphis	99	Dallas Mavericks	90
400900561	2017-04-07	Dallas Mavericks	89	San Antonio	102
400900592	2017-04-11	Dallas Mavericks	91	Denver	109
400900601	2017-04-12	Memphis	93	Dallas Mavericks	100
400899534	2017-11-05	Atlanta	112	Houston Rockets	97
400899544	2017-11-07	Washington	106	Houston Rockets	114
400899564	2017-11-09	San Antonio	99	Houston Rockets	101
400899584	2017-11-12	Houston Rockets	100	San Antonio	106
400899614	2017-11-16	Oklahoma City	105	Houston Rockets	103
400899621	2017-11-17	Houston Rockets	126	Portland	109
400899634	2017-11-19	Houston Rockets	111	Utah	102
400899701	2017-11-27	Portland	114	Houston Rockets	130
400899715	2017-11-29	Utah	120	Houston Rockets	101
400899732	2017-12-02	Denver	110	Houston Rockets	128
400899783	2017-12-09	Oklahoma City	99	Houston Rockets	102
400899837	2017-12-16	Houston Rockets	122	New Orleans	100
400899845	2017-12-17	Minnesota	109	Houston Rockets	111
400899867	2017-12-20	Houston Rockets	100	San Antonio	102
400899890	2017-12-23	Memphis	115	Houston Rockets	109
400899417	2017-01-02	Houston Rockets	101	Washington	91
400899961	2017-01-05	Houston Rockets	118	Oklahoma City	116
400899966	2017-01-06	Orlando	93	Houston Rockets	100
400899995	2017-01-10	Houston Rockets	121	Charlotte	114
400900003	2017-01-11	Minnesota	119	Houston Rockets	105
400900016	2017-01-13	Houston Rockets	105	Memphis	110
400900044	2017-01-17	Miami	109	Houston Rockets	103
400900077	2017-01-21	Memphis	95	Houston Rockets	119
400899449	2017-02-02	Houston Rockets	108	Atlanta	113
400900185	2017-02-07	Houston Rockets	128	Orlando	104
400900199	2017-02-09	Charlotte	95	Houston Rockets	107
400900247	2017-02-15	Houston Rockets	109	Miami	117
400900258	2017-02-23	New Orleans	99	Houston Rockets	129
400900278	2017-02-25	Houston Rockets	142	Minnesota	130
400900319	2017-03-04	Houston Rockets	123	Memphis	108
400900337	2017-03-06	San Antonio	112	Houston Rockets	110
400900349	2017-03-08	Houston Rockets	108	Utah	115
400900419	2017-03-17	New Orleans	128	Houston Rockets	112
400900429	2017-03-18	Denver	105	Houston Rockets	109
400900443	2017-03-20	Houston Rockets	125	Denver	124
400900474	2017-03-24	Houston Rockets	117	New Orleans	107
400900486	2017-03-26	Houston Rockets	137	Oklahoma City	125
400900520	2017-03-30	Portland	117	Houston Rockets	107
400900546	2017-04-05	Houston Rockets	110	Denver	104
400900602	2017-04-12	Houston Rockets	123	Minnesota	118
400899386	2017-10-26	Memphis Grizzlies	102	Minnesota	98
400899489	2017-10-30	Memphis Grizzlies	112	Washington	103
400899502	2017-11-01	Minnesota	116	Memphis Grizzlies	80
400899510	2017-11-02	Memphis Grizzlies	89	New Orleans	83
400899538	2017-11-06	Memphis Grizzlies	94	Portland	100
400899552	2017-11-08	Memphis Grizzlies	108	Denver	107
400899601	2017-11-14	Utah	96	Memphis Grizzlies	102
400899640	2017-11-19	Memphis Grizzlies	93	Minnesota	71
400899651	2017-11-21	Charlotte	90	Memphis Grizzlies	105
400899683	2017-11-25	Memphis Grizzlies	81	Miami	90
400899693	2017-11-26	Miami	107	Memphis Grizzlies	110
400899707	2017-11-28	Memphis Grizzlies	85	Charlotte	104
400899392	2017-12-01	Memphis Grizzlies	95	Orlando	94
400899752	2017-12-05	New Orleans	108	Memphis Grizzlies	110
400899775	2017-12-08	Memphis Grizzlies	88	Portland	86
400899849	2017-12-18	Memphis Grizzlies	73	Utah	82
400899904	2017-12-26	Orlando	112	Memphis Grizzlies	102
400899929	2017-12-29	Memphis Grizzlies	114	Oklahoma City	80
400899985	2017-01-08	Memphis Grizzlies	88	Utah	79
400900002	2017-01-11	Oklahoma City	103	Memphis Grizzlies	95
400900049	2017-01-18	Washington	104	Memphis Grizzlies	101
400900124	2017-01-27	Portland	112	Memphis Grizzlies	109
400900129	2017-01-28	Utah	95	Memphis Grizzlies	102
400899404	2017-02-01	Denver	99	Memphis Grizzlies	119
400900155	2017-02-03	Oklahoma City	114	Memphis Grizzlies	102
400900168	2017-02-04	Minnesota	99	Memphis Grizzlies	107
400900182	2017-02-06	Memphis Grizzlies	89	San Antonio	74
400900246	2017-02-15	Memphis Grizzlies	91	New Orleans	95
400900282	2017-02-26	Denver	98	Memphis Grizzlies	105
400900376	2017-03-11	Memphis Grizzlies	90	Atlanta	107
400900412	2017-03-16	Atlanta	91	Memphis Grizzlies	103
400900428	2017-03-18	Memphis Grizzlies	104	San Antonio	96
400900449	2017-03-21	New Orleans	95	Memphis Grizzlies	82
400900465	2017-03-23	San Antonio	97	Memphis Grizzlies	90
400900539	2017-04-04	San Antonio	95	Memphis Grizzlies	89
400900545	2017-04-05	Memphis Grizzlies	100	Oklahoma City	103
400899388	2017-10-26	New Orleans Pelicans	102	Denver	107
400899482	2017-10-29	San Antonio	98	New Orleans Pelicans	79
400899609	2017-11-16	Orlando	89	New Orleans Pelicans	82
400899627	2017-11-18	New Orleans Pelicans	113	Portland	101
400899635	2017-11-19	New Orleans Pelicans	121	Charlotte	116
400899659	2017-11-22	Atlanta	94	New Orleans Pelicans	112
400899672	2017-11-23	New Orleans Pelicans	117	Minnesota	96
400899687	2017-11-25	Portland	119	New Orleans Pelicans	104
400899743	2017-12-04	Oklahoma City	101	New Orleans Pelicans	92
400899854	2017-12-18	San Antonio	113	New Orleans Pelicans	100
400899875	2017-12-21	New Orleans Pelicans	110	Oklahoma City	121
400899891	2017-12-23	New Orleans Pelicans	91	Miami	87
400899960	2017-01-05	New Orleans Pelicans	94	Atlanta	99
400900052	2017-01-18	New Orleans Pelicans	118	Orlando	98
400900107	2017-01-25	New Orleans Pelicans	105	Oklahoma City	114
400900122	2017-01-27	New Orleans Pelicans	119	San Antonio	103
400900135	2017-01-29	New Orleans Pelicans	94	Washington	107
400900160	2017-02-04	Washington	105	New Orleans Pelicans	91
400900194	2017-02-08	New Orleans Pelicans	94	Utah	127
400900209	2017-02-10	Minnesota	106	New Orleans Pelicans	122
400900286	2017-02-26	Oklahoma City	118	New Orleans Pelicans	110
400900312	2017-03-03	New Orleans Pelicans	98	San Antonio	101
400900339	2017-03-06	Utah	88	New Orleans Pelicans	83
400900371	2017-03-11	Charlotte	122	New Orleans Pelicans	125
400900397	2017-03-14	New Orleans Pelicans	100	Portland	77
400900402	2017-03-15	Miami	120	New Orleans Pelicans	112
400900434	2017-03-19	New Orleans Pelicans	123	Minnesota	109
400900490	2017-03-26	Denver	90	New Orleans Pelicans	115
400900497	2017-03-27	Utah	108	New Orleans Pelicans	100
400900536	2017-04-04	New Orleans Pelicans	131	Denver	134
400900562	2017-04-07	Denver	122	New Orleans Pelicans	106
400900608	2017-04-12	Portland	100	New Orleans Pelicans	103
400899487	2017-10-30	Miami	99	San Antonio Spurs	106
400899503	2017-11-01	San Antonio Spurs	91	Utah	106
400899527	2017-11-04	Utah	86	San Antonio Spurs	100
400899600	2017-11-14	San Antonio Spurs	94	Miami	90
400899663	2017-11-23	Charlotte	114	San Antonio Spurs	119
400899690	2017-11-26	Washington	100	San Antonio Spurs	112
400899714	2017-11-29	San Antonio Spurs	83	Orlando	95
400899731	2017-12-02	San Antonio Spurs	107	Washington	105
400899761	2017-12-06	Minnesota	91	San Antonio Spurs	105
400899896	2017-12-23	Portland	90	San Antonio Spurs	110
400899941	2017-12-30	San Antonio Spurs	110	Portland	94
400899374	2017-01-01	Atlanta	114	San Antonio Spurs	112
400899964	2017-01-05	Denver	99	San Antonio Spurs	127
400899979	2017-01-07	San Antonio Spurs	102	Charlotte	85
400900046	2017-01-17	San Antonio Spurs	122	Minnesota	114
400900060	2017-01-19	San Antonio Spurs	118	Denver	104
400900148	2017-01-31	San Antonio Spurs	108	Oklahoma City	94
400900167	2017-02-04	San Antonio Spurs	121	Denver	97
400900240	2017-02-15	Orlando	79	San Antonio Spurs	107
400900320	2017-03-04	San Antonio Spurs	97	Minnesota	90
400900357	2017-03-09	Oklahoma City	102	San Antonio Spurs	92
400900389	2017-03-13	San Antonio Spurs	107	Atlanta	99
400900406	2017-03-15	San Antonio Spurs	106	Portland	110
400900451	2017-03-21	Minnesota	93	San Antonio Spurs	100
400900530	2017-03-31	Oklahoma City	95	San Antonio Spurs	100
400899473	2017-04-02	San Antonio Spurs	109	Utah	103
400900587	2017-04-10	Portland	99	San Antonio Spurs	98
400900605	2017-04-12	Utah	101	San Antonio Spurs	97
400899420	2017-10-27	Atlanta Hawks	114	Washington	99
400899520	2017-11-04	Washington	95	Atlanta Hawks	92
400899604	2017-11-15	Miami	90	Atlanta Hawks	93
400899624	2017-11-18	Charlotte	100	Atlanta Hawks	96
400899681	2017-11-25	Utah	95	Atlanta Hawks	68
400899749	2017-12-05	Atlanta Hawks	99	Oklahoma City	102
400899766	2017-12-07	Atlanta Hawks	103	Miami	95
400899811	2017-12-13	Atlanta Hawks	120	Orlando	131
400899843	2017-12-17	Atlanta Hawks	99	Charlotte	107
400899857	2017-12-19	Oklahoma City	108	Atlanta Hawks	110
400899872	2017-12-21	Atlanta Hawks	84	Minnesota	92
400899893	2017-12-23	Denver	108	Atlanta Hawks	109
400899910	2017-12-26	Minnesota	104	Atlanta Hawks	90
400899951	2017-01-04	Orlando	92	Atlanta Hawks	111
400900123	2017-01-27	Atlanta Hawks	86	Washington	112
400899397	2017-02-01	Miami	116	Atlanta Hawks	93
400900161	2017-02-04	Atlanta Hawks	113	Orlando	86
400900177	2017-02-06	Atlanta Hawks	95	Utah	120
400900190	2017-02-08	Atlanta Hawks	117	Denver	106
400900235	2017-02-13	Portland	104	Atlanta Hawks	109
400900269	2017-02-24	Atlanta Hawks	90	Miami	108
400900273	2017-02-25	Orlando	105	Atlanta Hawks	86
400900424	2017-03-18	Atlanta Hawks	97	Portland	113
400900439	2017-03-20	Charlotte	105	Atlanta Hawks	90
400900458	2017-03-22	Washington	104	Atlanta Hawks	100
400900590	2017-04-11	Atlanta Hawks	103	Charlotte	76
400899456	2017-10-28	Miami	91	Charlotte Hornets	97
400899558	2017-11-09	Charlotte Hornets	104	Utah	98
400899605	2017-11-15	Minnesota	108	Charlotte Hornets	115
400899734	2017-12-03	Charlotte Hornets	120	Minnesota	125
400899779	2017-12-09	Charlotte Hornets	109	Orlando	88
400899817	2017-12-14	Washington	109	Charlotte Hornets	106
400899919	2017-12-28	Orlando	101	Charlotte Hornets	120
400899928	2017-12-29	Charlotte Hornets	91	Miami	82
400899950	2017-01-04	Charlotte Hornets	123	Oklahoma City	112
400900050	2017-01-18	Charlotte Hornets	107	Portland	85
400900086	2017-01-23	Charlotte Hornets	99	Washington	109
400900149	2017-01-31	Portland	115	Charlotte Hornets	98
400900165	2017-02-04	Utah	105	Charlotte Hornets	98
400900318	2017-03-04	Denver	102	Charlotte Hornets	112
400900346	2017-03-08	Miami	108	Charlotte Hornets	101
400900360	2017-03-10	Charlotte Hornets	121	Orlando	81
400900425	2017-03-18	Charlotte Hornets	98	Washington	93
400900454	2017-03-22	Orlando	102	Charlotte Hornets	109
400900522	2017-03-31	Charlotte Hornets	122	Denver	114
400899406	2017-04-02	Oklahoma City	101	Charlotte Hornets	113
400900533	2017-04-04	Washington	118	Charlotte Hornets	111
400900543	2017-04-05	Charlotte Hornets	99	Miami	112
400899378	2017-10-26	Orlando	96	Miami Heat	108
400899547	2017-11-07	Oklahoma City	97	Miami Heat	85
400899586	2017-11-12	Miami Heat	91	Utah	102
400899636	2017-11-19	Washington	111	Miami Heat	114
400899723	2017-11-30	Denver	98	Miami Heat	106
400899434	2017-12-01	Utah	110	Miami Heat	111
400899740	2017-12-03	Portland	99	Miami Heat	92
400899805	2017-12-12	Miami Heat	112	Washington	101
400899864	2017-12-20	Miami Heat	130	Orlando	136
400899915	2017-12-27	Miami Heat	94	Oklahoma City	106
400900180	2017-02-06	Minnesota	113	Miami Heat	115
400900228	2017-02-13	Miami Heat	107	Orlando	116
400900306	2017-03-03	Orlando	110	Miami Heat	99
400900420	2017-03-17	Miami Heat	123	Minnesota	105
400900436	2017-03-19	Miami Heat	104	Portland	115
400899444	2017-04-02	Miami Heat	113	Denver	116
400900570	2017-04-08	Washington	103	Miami Heat	106
400900599	2017-04-12	Miami Heat	110	Washington	102
400899531	2017-11-05	Orlando Magic	88	Washington	86
400899559	2017-11-09	Orlando Magic	107	Minnesota	123
400899574	2017-11-11	Orlando Magic	74	Utah	87
400899591	2017-11-13	Oklahoma City	117	Orlando Magic	119
400899676	2017-11-25	Orlando Magic	91	Washington	94
400899757	2017-12-06	Washington	116	Orlando Magic	124
400899789	2017-12-10	Orlando Magic	113	Denver	121
400900019	2017-01-13	Portland	109	Orlando Magic	115
400900025	2017-01-14	Utah	114	Orlando Magic	107
400900038	2017-01-16	Denver	125	Orlando Magic	112
400900141	2017-01-30	Minnesota	111	Orlando Magic	105
400900256	2017-02-23	Orlando Magic	103	Portland	112
400900325	2017-03-05	Washington	115	Orlando Magic	114
400900507	2017-03-29	Orlando Magic	106	Oklahoma City	114
400899720	2017-11-30	Oklahoma City	126	Washington Wizards	115
400899774	2017-12-08	Washington Wizards	92	Denver	85
400899965	2017-01-06	Washington Wizards	112	Minnesota	105
400900035	2017-01-16	Washington Wizards	120	Portland	101
400900225	2017-02-13	Washington Wizards	120	Oklahoma City	98
400900283	2017-02-26	Washington Wizards	92	Utah	102
400900353	2017-03-08	Denver	113	Washington Wizards	123
400900378	2017-03-11	Portland	124	Washington Wizards	125
400900390	2017-03-13	Minnesota	119	Washington Wizards	104
400900529	2017-03-31	Utah	95	Washington Wizards	88
400899483	2017-10-29	Denver Nuggets	113	Portland	115
400899517	2017-11-03	Minnesota	99	Denver Nuggets	102
400899594	2017-11-13	Portland	112	Denver Nuggets	105
400899647	2017-11-20	Denver Nuggets	105	Utah	91
400899671	2017-11-23	Utah	108	Denver Nuggets	83
400899685	2017-11-25	Denver Nuggets	129	Oklahoma City	132
400899739	2017-12-03	Utah	105	Denver Nuggets	98
400899828	2017-12-15	Denver Nuggets	132	Portland	120
400899925	2017-12-28	Denver Nuggets	105	Minnesota	103
400899976	2017-01-07	Oklahoma City	121	Denver Nuggets	106
400900085	2017-01-22	Minnesota	111	Denver Nuggets	108
400900099	2017-01-24	Denver Nuggets	103	Utah	93
400900248	2017-02-15	Denver Nuggets	99	Minnesota	112
400900504	2017-03-28	Portland	122	Denver Nuggets	113
400900576	2017-04-09	Denver Nuggets	105	Oklahoma City	106
400900603	2017-04-12	Oklahoma City	105	Denver Nuggets	111
400899529	2017-11-05	Oklahoma City	112	Minnesota Timberwolves	92
400899708	2017-11-28	Minnesota Timberwolves	103	Utah	112
400899901	2017-12-25	Oklahoma City	112	Minnesota Timberwolves	100
400899385	2017-01-01	Minnesota Timberwolves	89	Portland	95
400899977	2017-01-07	Minnesota Timberwolves	92	Utah	94
400900017	2017-01-13	Minnesota Timberwolves	96	Oklahoma City	86
400899442	2017-03-01	Utah	80	Minnesota Timberwolves	107
400900481	2017-03-25	Portland	112	Minnesota Timberwolves	100
400946146	2017-04-03	Minnesota Timberwolves	110	Portland	109
400900556	2017-04-06	Portland	105	Minnesota Timberwolves	98
400900563	2017-04-07	Utah	120	Minnesota Timberwolves	113
400900591	2017-04-11	Minnesota Timberwolves	98	Oklahoma City	100
400899815	2017-12-13	Portland	114	Oklahoma City Thunder	95
400899824	2017-12-14	Utah	109	Oklahoma City Thunder	89
400900094	2017-01-23	Utah	95	Oklahoma City Thunder	97
400900172	2017-02-05	Oklahoma City Thunder	105	Portland	99
400900299	2017-02-28	Oklahoma City Thunder	109	Utah	106
400900303	2017-03-02	Portland	114	Oklahoma City Thunder	109
400900341	2017-03-07	Oklahoma City Thunder	121	Portland	126
400900368	2017-03-11	Oklahoma City Thunder	112	Utah	104
400899376	2017-10-25	Portland Trail Blazers	113	Utah	104
400900249	2017-02-15	Utah	111	Portland Trail Blazers	88
400900542	2017-04-04	Utah	106	Portland Trail Blazers	87
400900572	2017-04-08	Portland Trail Blazers	101	Utah	86
